{"logo_text":"Barber","logo_image":"","logo_width":"","logo_height":"","mobile_logo":"","mobile_logo_width":"","mobile_logo_height":"","logo_tooltip":"","toolbar_maxwidth":"default","topbar_padding_top":"10px","topbar_padding_bottom":"10px","toolbar_font_size":"14px","toolbar_color_mode":"","predefined_header":"1","header_style":"style-3","overlay_header":"light","header_alignment":"right","header_maxwidth":"default","header_height":"80px","header_navbar":"0","header_menu_options":"","favicon":"","headerbar_top_padding":"20px 0","headerbar_bottom_padding":"20px 0","header_stacked_margin":"20px","header_offcanvas_mode":"slide","header_offcanvas_overlay":"enable","header_toggle_text":"show","header_offcanvas_flip":"enable","header_menu_horizontally":"enable","search_position":"header","search_style":"modal","social_pos":"toolbar-right","facebook":"http:\/\/www.facebook.com\/warptheme","twitter":"http:\/\/twitter.com\/warptheme","pinterest":"","linkedin":"","dribbble":"","instagram":"","behance":"","youtube":"","flickr":"","skype":"#","whatsapp":"","vk":"","custom":"fa-instagram #","social_icons_gap":"small","social_icons_size":"","mobile_breakpoint_options":"m","mobile_navbar_options":"0","mobile_logo_options":"center","mobile_toggle_options":"left","mobile_menu_options":"","mobile_animations":"offcanvas","mobile_offcanvas_mode":"slide","page_title_maxwidth":"default","page_title_padding":"large","page_title_bg_image":"","page_title_background_size":"cover","page_title_bg_position":"center-center","page_title_bg_visibility":"","page_title_bg_blendmode":"","page_title_bg_color":"#212529","page_title_tyle":"light","page_title_align":"","boxed_center":"1","transparent_header":"","body_bg_image":"","body_image_size":"","body_image_position":"center-center","body_image_effect":"","body_parallax_bgx_start":"","body_parallax_bgx_end":"","body_parallax_bgy_start":"","body_parallax_bgy_end":"","body_parallax_easing":"","body_parallax_breakpoint":"","body_image_visibility":"","body_bg_color":"#f0f0f0","enabled_copyright":"1","copyright_position":"footer1","copyright_load_pos":"default","copyright":"\u00a9 {year} Barber Vintage Company. Designed By <a href=\"https:\/\/warptheme.com\/\">WarpTheme<\/a>","contact_pos":"toolbar-left","contact_location":"","contact_email":"","contact_phone":"+46 (062) 450 45 45","contact_time":"BUSINESS HOURS: 10.00 AM - 08.00 PM","contact_custom":"","comingsoon_title":"Coming Soon","comingsoon_content":"We are working very hard to give you the best experience with this one.","comingsoon_date":"2021-12-12","comingsoon_logo":"","comingsoon_bg_image":"","comingsoon_title_tyle":"light","comingsoon_title_background_size":"cover","comingsoon_title_bg_position":"center-center","comingsoon_title_bg_blendmode":"screen","comingsoon_title_bg_color":"#212529","error_logo":"","error_bg":"","error_title_tyle":"light","error_title_background_size":"cover","error_title_bg_position":"center-center","error_title_bg_blendmode":"screen","error_title_bg_color":"#212529","preset":"{\"footer_link_hover_color\":\"#ffffff\",\"footer_link_color\":\"#d6d5d5\",\"footer_text_color\":\"#d6d5d5\",\"footer_bg_color\":\"#282d32\",\"bottom_link_hover_color\":\"#FFFFFF\",\"bottom_link_color\":\"#c4c4c4\",\"bottom_text_color\":\"#c4c4c4\",\"bottom_title_color\":\"#ffffff\",\"bottom_bg_color\":\"#212529\",\"menu_dropdown_text_active_color\":\"#84625a\",\"menu_dropdown_text_hover_color\":\"#84625a\",\"menu_dropdown_text_color\":\"#020d26\",\"menu_dropdown_bg_color\":\"#FFFFFF\",\"menu_text_active_color\":\"#d9d9da\",\"menu_text_hover_color\":\"#d9d9da\",\"menu_text_color\":\"#FFFFFF\",\"toggle_mobile_hover_color\":\"#FFFFFF\",\"toggle_mobile_color\":\"#999999\",\"logo_text_mobile_color\":\"#FFFFFF\",\"header_bg_mobile_color\":\"#212529\",\"logo_text_color\":\"#FFFFFF\",\"header_bottom_bg_color\":\"#FFFFFF\",\"header_bg_color\":\"#212529\",\"header_top_bg_color\":\"#FFFFFF\",\"topbar_link_hover_color\":\"#ffffff\",\"topbar_link_color\":\"#d9d9d9\",\"topbar_text_color\":\"#d9d9d9\",\"topbar_bg_color\":\"#282d32\",\"link_hover_color\":\"#84625a\",\"link_color\":\"#84625a\",\"bg_color\":\"#FFFFFF\",\"text_color\":\"#595959\",\"preset\":\"preset1\"}","custom_style":"1","text_color":"#595959","bg_color":"#ffffff","link_color":"#84625a","link_hover_color":"#84625a","topbar_bg_color":"#282d32","topbar_text_color":"#d9d9d9","topbar_link_color":"#d9d9d9","topbar_link_hover_color":"#ffffff","header_top_bg_color":"#ffffff","header_bg_color":"#212529","header_bottom_bg_color":"#ffffff","logo_text_color":"#ffffff","header_bg_mobile_color":"#212529","logo_text_mobile_color":"#ffffff","toggle_mobile_color":"#999999","toggle_mobile_hover_color":"#ffffff","menu_text_color":"#ffffff","menu_text_hover_color":"#d9d9da","menu_text_active_color":"#d9d9da","menu_dropdown_bg_color":"#ffffff","menu_dropdown_text_color":"#020d26","menu_dropdown_text_hover_color":"#84625a","menu_dropdown_text_active_color":"#84625a","bottom_bg_color":"#212529","bottom_title_color":"#ffffff","bottom_text_color":"#c4c4c4","bottom_link_color":"#c4c4c4","bottom_link_hover_color":"#ffffff","footer_bg_color":"#282d32","footer_text_color":"#d6d5d5","footer_link_color":"#d6d5d5","footer_link_hover_color":"#ffffff","layout":"[{\"type\":\"row\",\"layout\":12,\"settings\":{\"hidden_md\":0,\"hidden_sm\":0,\"hidden_xs\":0,\"hide_mobile\":1,\"hide_large_mobile\":1,\"hide_tablet\":0,\"hide_small_desktop\":0,\"hide_desktop\":0,\"hide_on_desktop\":0,\"hide_on_small_desktop\":0,\"hide_on_tablet\":0,\"hide_on_large_phone\":0,\"hide_on_phone\":0,\"background_position\":\"\",\"background_attachment\":\"\",\"background_size\":\"\",\"background_repeat\":\"\",\"background_image\":\"\",\"background_color\":\"\",\"link_hover_color\":\"\",\"link_color\":\"\",\"color\":\"\",\"margin\":\"\",\"padding\":\"\",\"custom_class\":\"\",\"fluidrow\":1,\"name\":\"Page title\"},\"attr\":[{\"type\":\"sp_col\",\"settings\":{\"column_type\":0,\"custom_class\":\"\",\"xs_col\":\"\",\"sm_col\":\"\",\"hidden_md\":0,\"hidden_sm\":0,\"hidden_xs\":0,\"name\":\"title\",\"grid_size\":12}}]},{\"type\":\"row\",\"layout\":\"3+6+3\",\"settings\":{\"name\":\"Main Body\",\"fluidrow\":0,\"custom_class\":\"\",\"padding\":\"\",\"margin\":\"\",\"color\":\"\",\"link_color\":\"\",\"link_hover_color\":\"\",\"background_color\":\"\",\"hidden_xs\":0,\"hidden_sm\":0,\"hidden_md\":0},\"attr\":[{\"type\":\"sp_col\",\"settings\":{\"grid_size\":3,\"name\":\"left\",\"hidden_xs\":0,\"hidden_sm\":0,\"hidden_md\":0,\"sm_col\":\"\",\"xs_col\":\"\",\"custom_class\":\"\",\"column_type\":0,\"sortableitem\":\"[object Object]\"}},{\"type\":\"sp_col\",\"settings\":{\"hidden_xs\":0,\"hidden_sm\":0,\"hidden_md\":0,\"sm_col\":\"\",\"xs_col\":\"\",\"custom_class\":\"\",\"grid_size\":6,\"column_type\":1,\"sortableitem\":\"[object Object]\"}},{\"type\":\"sp_col\",\"settings\":{\"grid_size\":3,\"column_type\":0,\"name\":\"right\",\"hidden_xs\":0,\"hidden_sm\":0,\"hidden_md\":0,\"sm_col\":\"\",\"xs_col\":\"\",\"custom_class\":\"\",\"sortableitem\":\"[object Object]\"}}]},{\"type\":\"row\",\"layout\":\"4+4+4\",\"settings\":{\"name\":\"Bottom\",\"fluidrow\":0,\"custom_class\":\"\",\"padding\":\"60px 0\",\"margin\":\"\",\"color\":\"\",\"link_color\":\"\",\"link_hover_color\":\"\",\"background_color\":\"\",\"background_image\":\"\",\"background_repeat\":\"\",\"background_size\":\"\",\"background_attachment\":\"\",\"background_position\":\"\",\"hide_on_phone\":0,\"hide_on_large_phone\":0,\"hide_on_tablet\":0,\"hide_on_small_desktop\":0,\"hide_on_desktop\":0,\"hidden_xs\":0,\"hidden_sm\":0,\"hidden_md\":0},\"attr\":[{\"type\":\"sp_col\",\"settings\":{\"column_type\":0,\"name\":\"bottom1\",\"custom_class\":\"\",\"xl_col\":\"\",\"md_col\":\"\",\"sm_col\":\"\",\"xs_col\":\"\",\"hide_on_phone\":0,\"hide_on_large_phone\":0,\"hide_on_tablet\":0,\"hide_on_small_desktop\":0,\"hide_on_desktop\":0,\"grid_size\":4,\"hidden_md\":0,\"hidden_sm\":0,\"hidden_xs\":0,\"sortableitem\":\"[object Object]\"}},{\"type\":\"sp_col\",\"settings\":{\"column_type\":0,\"name\":\"bottom2\",\"custom_class\":\"\",\"xl_col\":\"\",\"md_col\":\"\",\"sm_col\":\"\",\"xs_col\":\"\",\"hide_on_phone\":0,\"hide_on_large_phone\":0,\"hide_on_tablet\":0,\"hide_on_small_desktop\":0,\"hide_on_desktop\":0,\"grid_size\":4,\"hidden_xs\":0,\"hidden_sm\":0,\"hidden_md\":0,\"sortableitem\":\"[object Object]\"}},{\"type\":\"sp_col\",\"settings\":{\"column_type\":0,\"name\":\"bottom3\",\"custom_class\":\"\",\"xl_col\":\"\",\"md_col\":\"\",\"sm_col\":\"\",\"xs_col\":\"\",\"hide_on_phone\":0,\"hide_on_large_phone\":0,\"hide_on_tablet\":0,\"hide_on_small_desktop\":0,\"hide_on_desktop\":0,\"grid_size\":4,\"sortableitem\":\"[object Object]\"}}]},{\"type\":\"row\",\"layout\":12,\"settings\":{\"name\":\"Footer\",\"fluidrow\":0,\"custom_class\":\"\",\"padding\":\"15px 0\",\"margin\":\"\",\"color\":\"\",\"link_color\":\"\",\"link_hover_color\":\"\",\"background_color\":\"\",\"background_image\":\"\",\"background_repeat\":\"\",\"background_size\":\"\",\"background_attachment\":\"\",\"background_position\":\"\",\"hide_on_phone\":0,\"hide_on_large_phone\":0,\"hide_on_tablet\":0,\"hide_on_small_desktop\":0,\"hide_on_desktop\":0,\"hidden_md\":0,\"hidden_sm\":0,\"hidden_xs\":0},\"attr\":[{\"type\":\"sp_col\",\"settings\":{\"grid_size\":12,\"column_type\":0,\"name\":\"footer1\",\"hidden_xs\":0,\"hidden_sm\":0,\"hidden_md\":0,\"sm_col\":\"\",\"xs_col\":\"\",\"custom_class\":\"\",\"sortableitem\":\"[object Object]\"}}]}]","menu":"mainmenu","dropdown_width":"","menu_animation":"menu-animation-none","enable_body_font":"1","body_font":"{\"fontFamily\":\"Rubik\",\"fontSize\":\"15\",\"fontSize_sm\":\"\",\"fontSize_xs\":\"\",\"fontWeight\":\"300\",\"fontStyle\":\"\",\"fontSubset\":\"latin-ext\"}","enable_h1_font":"1","h1_font":"{\"fontFamily\":\"Oswald\",\"fontSize\":\"\",\"fontSize_sm\":\"\",\"fontSize_xs\":\"\",\"fontWeight\":\"500\",\"fontStyle\":\"\",\"fontSubset\":\"latin-ext\"}","enable_h2_font":"1","h2_font":"{\"fontFamily\":\"Oswald\",\"fontSize\":\"\",\"fontSize_sm\":\"\",\"fontSize_xs\":\"\",\"fontWeight\":\"500\",\"fontStyle\":\"\",\"fontSubset\":\"latin-ext\"}","enable_h3_font":"1","h3_font":"{\"fontFamily\":\"Oswald\",\"fontSize\":\"\",\"fontSize_sm\":\"\",\"fontSize_xs\":\"\",\"fontWeight\":\"500\",\"fontStyle\":\"\",\"fontSubset\":\"latin-ext\"}","enable_h4_font":"1","h4_font":"{\"fontFamily\":\"Oswald\",\"fontSize\":\"\",\"fontSize_sm\":\"\",\"fontSize_xs\":\"\",\"fontWeight\":\"500\",\"fontStyle\":\"\",\"fontSubset\":\"latin-ext\"}","enable_h5_font":"1","h5_font":"{\"fontFamily\":\"Oswald\",\"fontSize\":\"\",\"fontSize_sm\":\"\",\"fontSize_xs\":\"\",\"fontWeight\":\"500\",\"fontStyle\":\"\",\"fontSubset\":\"latin-ext\"}","enable_h6_font":"1","h6_font":"{\"fontFamily\":\"Oswald\",\"fontSize\":\"\",\"fontSize_sm\":\"\",\"fontSize_xs\":\"\",\"fontWeight\":\"500\",\"fontStyle\":\"\",\"fontSubset\":\"latin-ext\"}","enable_navigation_font":"1","navigation_font":"{\"fontFamily\":\"Rubik\",\"fontSize\":\"\",\"fontSize_sm\":\"\",\"fontSize_xs\":\"\",\"fontWeight\":\"400\",\"fontStyle\":\"\",\"fontSubset\":\"latin-ext\"}","custom_font":"{\"fontFamily\":\"ABeeZee\",\"fontSize\":\"\",\"fontSize_sm\":\"\",\"fontSize_xs\":\"\",\"fontWeight\":\"\",\"fontStyle\":\"\",\"fontSubset\":\"latin\"}","custom_font_selectors":"","gfont_api":"","blog_list_grid_column_gap":"","blog_list_grid_row_gap":"","blog_list_breakpoint":"m","blog_parallax":"","image_margin":"default","image_transition":"","leading_blog_list_title":"h3","blog_list_title_link":"default","leading_blog_list_title_margin":"default","leading_blog_list_meta_margin":"default","content_length":"","leading_blog_list_content_margin":"default","leading_blog_list_button":"default","leading_blog_list_button_margin":"default","image_thumbnail":"1","image_thumbnail_size":"200X200","image_small_size":"100X100","image_medium_size":"300X300","image_large_size":"600X600","image_crop_quality":"100","blog_list_image":"default","leading_blog_list_image":"large","article_content_width":"","article_image_margin":"default","blog_details_image":"large","blog_details_title_margin":"default","blog_details_meta_margin":"default","blog_details_content_margin":"default","social_share_lists":["facebook","twitter","linkedin"],"og_fb_id":"","og_twitter_site":"","reading_timeline_bg":"#0345bf","reading_timeline_height":"5px","reading_timeline_position":"top","related_article_title":"Related Articles","related_article_limit":"3","related_article_view_type":"thumb","comment":"disabled","comment_disqus_subdomain":"","comment_intensedebate_acc":"","comment_facebook_app_id":"","comment_facebook_width":"100","comment_facebook_number":"10","before_head":"","before_body":"","custom_css":"","custom_js":"","cookie_type":"notification","cookie_bar_position":"top","cookie_position":"bottom-left","cookie_bar_style":"muted","cookie_style":"","cookie_content":"By using this website, you agree to the use of cookies as described in our Privacy Policy.","cookie_button":"","cookie_button_text":"I accept","exclude_js":"","scssoption":"1"}